[
  {
    "id": "0UqWsMk17KtmAEg8BljU",
    "description": "Product Identifiers\nBrand, Sony MPN PSP-3000PW UPC948872411981,Model,Sony PSP-3000,eBay Product ID (ePID),1400364632 ,Product Key Features",
    "image": "https://i.ebayimg.com/images/g/7FYAAOSwPf9iBmxQ/s-l500.webp",
    "price": 114.99,
    "category": "tech",
    "name": "Sony PlayStation Portable 3000 Console - Pearl White"
  },
  {
    "id": "5FsZ74lPjn3zUzpPd57d",
    "image": "https://cdn.listingmirror.com/4428/b5ba3b76-8633-5774-b5ff-6d4d44c22153/full.jpg",
    "name": "Nintendo Wii Console HD + Pick 1-4 Voomwa Remotes, Wii Sports, Mario & More",
    "category": "tech",
    "description": "Wi-Fi Capability, Motion Controls, Wii Balance Board Compatible (Sold Separately), Local 4-Player Multi-Player",
    "price": 139.99
  },
  {
    "id": "Z1DTEVL5uV5NIjLctik2",
    "image": "https://i.ebayimg.com/images/g/958AAeSwOJxpW-QY/s-l500.webp",
    "name": "Sony PSP-1000 2000 3000 Console region free / Charger + Battery + Memory Stick",
    "price": 71.9,
    "category": "tech",
    "description": "There are noticeable scratches or signs of use on the body or screen."
  },
  {
    "id": "bMkt0sNfgEcChT2sWqj4",
    "image": "https://i.ebayimg.com/images/g/jrUAAOSw4TFiCOv7/s-l500.webp",
    "name": "Nintendo DS Lite Video Game Console - Jet Black",
    "price": 67.99,
    "category": "tech",
    "description": "Brand Nintendo UPC 4902370513929 Model Nintendo DS Lite eBay Product ID (ePID) 1522478802"
  }
]