[
  {
    "id": "1",
    "sender": "John Doe",
    "receiver": "Jane Smith",
    "content": "Hi! Is the laptop still available?",
    "timestamp": "2024-01-20T10:30:00Z"
  },
  {
    "id": "2",
    "sender": "Jane Smith",
    "receiver": "John Doe",
    "content": "Yes, it's available. Would you like to see it?",
    "timestamp": "2024-01-20T11:15:00Z"
  },
  {
    "id": "3",
    "sender": "Mike Johnson",
    "receiver": "Sarah Wilson",
    "content": "Can you ship to Turkey?",
    "timestamp": "2024-01-21T09:00:00Z"
  },
  {
    "id": "4",
    "sender": "Sarah Wilson",
    "receiver": "Mike Johnson",
    "content": "Yes, we offer international shipping!",
    "timestamp": "2024-01-21T09:45:00Z"
  },
  {
    "id": "5",
    "sender": "Alice Brown",
    "receiver": "Bob White",
    "content": "Is there a warranty on this product?",
    "timestamp": "2024-01-21T14:20:00Z"
  },
  {
    "id": "1769034436538",
    "sender": "Test User",
    "receiver": "Agent",
    "content": "This is a test message from Google Deepmint Agent."
  },
  {
    "id": "1769034468693",
    "sender": "Test Sender",
    "receiver": "Test Receiver",
    "content": "Testing CRUD - POST operation"
  }
]