[
  {
    "id": "8KDNxUEPIQQCj86Q3eMd",
    "name": "Apple iPhone SE 3rd Gen (2022) 64/128/256GB-Unlocked -Refurbished Excellent",
    "price": 164.99,
    "image": "https://i.ebayimg.com/images/g/rC0AAOSwsJFkGf1H/s-l500.webp",
    "description": "Excellent Quality, Condition & Value. Even better to buy refurbished with a 1-year eBay warranty. ",
    "category": "smartphones"
  },
  {
    "id": "F7FWHqx4l7d2WmGMzu4H",
    "image": "https://i.ebayimg.com/images/g/KUEAAeSwwkZpaUd7/s-l500.webp",
    "name": "2026 Dell Inspiron Laptop 15 Touch 10-Core Intel i5 Upto 64GB RAM 2TB SSD WinPRO",
    "category": "laptops",
    "description": "New. 2026 Dell Inspiron Laptop 15 Touch 10-Core Intel i5 Upto 64GB RAM 2TB SSD WinPRO.",
    "price": 519
  },
  {
    "id": "F7He2CNzLvWpTVtxGiDO",
    "description": "Open box. MSI PRO Z690-A WIFI DDR4 LGA 1700 SATA 6Gb/s ATX Motherboard. Plenty of expansion: Multiple fan headers, SATA ports, and M.2 slots.",
    "name": "MSI PRO Z690-A WIFI DDR4 LGA 1700 SATA 6Gb/s ATX Motherboard",
    "price": 108.88,
    "image": "https://i.ebayimg.com/images/g/omsAAeSwqPlo5qj7/s-l500.webp",
    "category": "computer-parts"
  },
  {
    "id": "KQho6PfbJvfFRD1cyTmv",
    "category": "laptops",
    "name": "Microsoft Surface Pro Copilot+ PC 12in Snapdragon X Plus 16GB RAM 512GB NEW 2025",
    "image": "https://i.ebayimg.com/images/g/FuAAAOSw-mdoLI8U/s-l300.webp",
    "description": "New. 2027 Inspiron Laptop 14 Touch 10-Core Intel i7 Upto 64GB RAM 2TB SSD WinPRO.",
    "price": 699.99
  },
  {
    "id": "L1BLNRrzAnaj1KjKI3Sl",
    "price": 39,
    "image": "https://i.ebayimg.com/images/g/2QwAAeSwnwJpYnBA/s-l500.webp",
    "category": "computer-parts",
    "name": "10pc Graphics Card GPU Brace 5V 3Pin ARGB Support Video Card Holder Bracket",
    "description": "Can support the weight of the GPU, eliminate the falling pressure of the graphics card and protect your components.\nControlled by the motherboards, with bright and saturated LED lamp beads, provides a more light effect."
  },
  {
    "id": "product2",
    "actionOptions": [
      "Buy",
      "Bid",
      "Make Offer"
    ],
    "title": "CRUCIAL DDR3 4GB 8GB 16GB 1333 1600 1866mhz Desktop RAM Memory DIMM 240pins DDR3",
    "price": "55.86",
    "image": "https://i.ebayimg.com/images/g/KUEAAeSwwkZpaUd7/s-l500.webp"
  },
  {
    "id": "SgoVHCCkYNapnw4cVxVR",
    "price": 32,
    "image": "https://i.ebayimg.com/images/g/fNMAAeSwx95ojiil/s-l300.webp",
    "category": "shoes",
    "description": "New without box.Crocs Adult Baya Clogs Pink. Comfortable and stylish.",
    "name": "Crocs Adult Baya Clogs Pink"
  },
  {
    "id": "V5NJWK3sJ1mFKC2LOnx3",
    "category": "computer-parts",
    "price": 2.9,
    "description": "New 2027Ram Tray Antistatic Box with Lid for SO-DIMM and DIMM DDR1/DDR2/DDR3/DDR4/DDR5-",
    "name": "Ram Tray Antistatic Box with Lid for SO-DIMM and DIMM DDR1/DDR2/DDR3/DDR4/DDR5-",
    "image": "https://i.ebayimg.com/images/g/D90AAOSwfBtlwkc4/s-l300.webp"
  },
  {
    "id": "Xmd0BvgLBsGNvC4skRRm",
    "price": 332.08,
    "image": "https://i.ebayimg.com/images/g/0xMAAOSwf4Zm22I3/s-l300.webp",
    "description": "Good - Refurbished. 2019 Apple MacBook Pro 16'' i7 2.6GHz/16GB/512GB (Space Gray) A2141. With warranty.",
    "name": "2019 Apple MacBook Pro 16'' i7 2.6GHz/16GB/512GB (Space Gray) A2141 w/Warranty",
    "category": "laptops"
  },
  {
    "id": "product1",
    "title ": "Nintendo",
    "quantityAvailable": 3,
    "description": "Wii console shows minimal wear and is fully functional. Wii has been professionally refurbished, ",
    "image": "https://i.ebayimg.com/images/g/WgAAAeSwZUdpY~y0/s-l300.webp",
    "price": 99.99
  },
  {
    "id": "bKyPn8aozNtDIOjQPVv1",
    "image": "https://i.ebayimg.com/images/g/zMgAAOSwh21mYJ0k/s-l500.webp",
    "name": "Gigabyte GA-Z170N-WIFI LGA 1151 mini ITX Motherboard Intel Z170 DDR4 (Rev 2.0)",
    "price": 69,
    "description": "New. Gigabyte GA-Z170N-WIFI LGA 1151 mini ITX Motherboard Intel Z170 DDR4 (Rev 2.0).",
    "category": "computer-parts"
  },
  {
    "id": "bhsAG0SmRFYcoXuwMwJG",
    "price": 54.95,
    "category": "shoes",
    "description": "New with box. Crocs Echo Sandstorm Clog. Coffee Brown Multi. Comfortable and stylish.",
    "image": "https://i.ebayimg.com/images/g/dXIAAOSwvK5nqroB/s-l500.webp",
    "name": "Crocs Echo Sandstorm Clog Men's Size 10 Women's Size 12 Coffee Brown Multi New"
  },
  {
    "id": "hKgGx4iM8Rz4JR6EVT1m",
    "image": "https://i.ebayimg.com/thumbs/images/g/4OoAAeSwOPZpXLN1/s-l300.webp",
    "category": "enterprise networking",
    "price": 55.86,
    "name": "DDR3 DDR4 DDR5 Laptop to Desktop Memory Adapter Card SO-DIMM To PC DIMM Lot",
    "description": "New: A brand-new, unused, unopened, undamaged item in its original packaging (where packaging is applicable)."
  },
  {
    "id": "product3",
    "description": "usefull for using any time garabntiing",
    "price": 159.99,
    "image": "https://i.ebayimg.com/images/g/rC0AAOSwsJFkGf1H/s-l140.webp",
    "title": "ıphone see6"
  },
  {
    "id": "necAzTLiPrWCvcXRDHcp",
    "description": "Device is in FAIR conditions with Heavier signs of use and has been fully tested. Front glass has a few light scratches, LCD and Touch is fully tested and fully functional, Main screen has a bleed and gone blank and the housing has a few light scuffs. Rest of the device is fullty tested and fully functional",
    "name": "Motorola RAZR Plus 5G (2025) XT2557-3 256GB Gold (AT&T) Unlocked (BAD INNER LCD)",
    "image": "https://i.ebayimg.com/images/g/z4YAAeSwnSppcMYr/s-l500.webp",
    "price": 149.99,
    "category": "smartphones"
  },
  {
    "id": "pcSblNYakGLfl8pAIwFn",
    "image": "https://i.ebayimg.com/images/g/ZG0AAeSwqNdpW1lO/s-l500.webp",
    "price": 349.99,
    "category": "smartphones",
    "name": "READ Google Pixel 9a 128GB Obsidian GA05769-US Android 5G Unlocked",
    "description": "Phone for ideal using on days. New face and usefully."
  },
  {
    "id": "xKDeNGFK0yB7ZVk1cetI",
    "image": "https://i.ebayimg.com/images/g/OvYAAeSw7vxpayjx/s-l300.webp",
    "description": "Good - Refurbished. HP ProBook 450 G6 15.6'' HD Laptop PC Core i5 16GB RAM 512GB SSD Windows 11 WiFi.",
    "category": "laptops",
    "price": 286.25,
    "name": "HP ProBook 450 G6 15.6'' HD Laptop PC Core i5 16GB RAM 512GB SSD Windows 11 WiFi"
  },
  {
    "id": "y9e9h9f3NnpsxqZUgMKh",
    "category": "shoes",
    "price": 34.99,
    "description": "New with box. Crocs Adult Baya Clogs Blue. Comfortable and waterproof.",
    "image": "https://media.crocs.com/images/t_MW-ChannelAdvisor/products/10126_4JL_ALT100/crocs-baya-clog-bright-cobalt",
    "name": " Crocs Adult Baya Clogs Blue"
  }
]